{
	"name": "Paint",
	"icon": "mspaint/0x0002",
	"author": "@levvij",
	"version": "0.0.0.0",
	"dependencies": [
		"drawing.dll"
	],
	"requirements": {
		"os": {
			"version": "0"
		}
	},
	"opens": [
		{
			"ext": "jpg",
			"icon": "paint/0x0003"
		},
		{
			"ext": "jpeg",
			"icon": "paint/0x0003"
		},
		{
			"ext": "png",
			"icon": "paint/0x0003"
		},
		{
			"ext": "gif",
			"icon": "paint/0x0003"
		}
	],
	"edits": [
		{
			"ext": "jpg",
			"icon": "paint/0x0003"
		},
		{
			"ext": "jpeg",
			"icon": "paint/0x0003"
		},
		{
			"ext": "png",
			"icon": "paint/0x0003"
		},
		{
			"ext": "gif",
			"icon": "paint/0x0003"
		}
	]
}